MX_IFD.UNIT1,OLD_IFL.UNIT
ae1.0,Eth-Trunk1.0
ae10.99,Eth-Trunk10.99
ae10.502,Eth-Trunk10.502
ae10.596,Eth-Trunk10.596
ae10.2401,Eth-Trunk10.2401
ae10.2522,Eth-Trunk10.2522
ae10.3991,Eth-Trunk10.3991
ae10.4002,Eth-Trunk10.4002
ae11.99,Eth-Trunk11.99
ae11.444,Eth-Trunk11.444
ae11.596,Eth-Trunk11.596
ae11.2401,Eth-Trunk11.2401
ae11.2522,Eth-Trunk11.2522
ae11.2961,Eth-Trunk11.2961
ae11.3621,Eth-Trunk11.3621
ae11.3997,Eth-Trunk11.3997
ae11.4002,Eth-Trunk11.4002
ae12.99,Eth-Trunk12.99
ae12.503,Eth-Trunk12.503
ae12.2401,Eth-Trunk12.2401
ae12.2522,Eth-Trunk12.2522
ae12.3681,Eth-Trunk12.3681
ae12.3991,Eth-Trunk12.3991
ae12.4002,Eth-Trunk12.4002
ae15.99,Eth-Trunk15.99
ae15.467,Eth-Trunk15.467
ae15.597,Eth-Trunk15.597
ae15.2401,Eth-Trunk15.2401
ae15.2522,Eth-Trunk15.2522
ae15.2961,Eth-Trunk15.2961
ae15.3991,Eth-Trunk15.3991
ae15.4002,Eth-Trunk15.4002
ae2.0,Eth-Trunk2.0
ae3.99,Eth-Trunk3.99
ae3.415,Eth-Trunk3.415
ae3.596,Eth-Trunk3.596
ae3.597,Eth-Trunk3.597
ae3.2401,Eth-Trunk3.2401
ae3.2522,Eth-Trunk3.2522
ae3.2961,Eth-Trunk3.2961
ae3.3997,Eth-Trunk3.3997
ae3.4002,Eth-Trunk3.4002
ae4.2401,Eth-Trunk4.2401
ae4.3991,Eth-Trunk4.3991
ae5.99,Eth-Trunk5.99
ae5.462,Eth-Trunk5.462
ae5.597,Eth-Trunk5.597
ae5.2401,Eth-Trunk5.2401
ae5.2522,Eth-Trunk5.2522
ae5.2961,Eth-Trunk5.2961
ae5.3681,Eth-Trunk5.3681
ae5.3991,Eth-Trunk5.3991
ae5.4002,Eth-Trunk5.4002
ae6.99,Eth-Trunk6.99
ae6.532,Eth-Trunk6.532
ae6.2401,Eth-Trunk6.2401
ae6.2522,Eth-Trunk6.2522
ae6.2961,Eth-Trunk6.2961
ae6.3991,Eth-Trunk6.3991
ae6.4002,Eth-Trunk6.4002
ae7.99,Eth-Trunk7.99
ae7.420,Eth-Trunk7.420
ae7.1609,Eth-Trunk7.1609
ae7.2401,Eth-Trunk7.2401
ae7.2522,Eth-Trunk7.2522
ae7.2961,Eth-Trunk7.2961
ae7.3997,Eth-Trunk7.3997
ae7.4002,Eth-Trunk7.4002
ae9.99,Eth-Trunk9.99
ae9.435,Eth-Trunk9.435
ae9.596,Eth-Trunk9.596
ae9.2401,Eth-Trunk9.2401
ae9.2522,Eth-Trunk9.2522
ae9.2961,Eth-Trunk9.2961
ae9.3997,Eth-Trunk9.3997
ae9.4002,Eth-Trunk9.4002
ae999.99,GigabitEthernet1/1/1.99
ae999.99,GigabitEthernet1/1/11.99
ae999.99,GigabitEthernet1/1/13.99
ae999.99,GigabitEthernet1/1/14.99
ae999.99,GigabitEthernet1/1/15.99
ae999.99,GigabitEthernet1/1/16.99
ae999.99,GigabitEthernet1/1/17.99
ae999.99,GigabitEthernet1/1/18.99
ae999.99,GigabitEthernet1/1/3.99
ae999.99,GigabitEthernet1/1/8.99
ae999.99,GigabitEthernet1/1/9.99
ae999.99,GigabitEthernet2/1/0.99
ae999.99,GigabitEthernet2/1/1.99
ae999.99,GigabitEthernet2/1/18.99
ae999.99,GigabitEthernet2/1/7.99
ae999.1141,GigabitEthernet1/1/1.1141
ae999.1141,GigabitEthernet1/1/11.1141
ae999.1141,GigabitEthernet1/1/13.1141
ae999.1141,GigabitEthernet1/1/14.1141
ae999.1141,GigabitEthernet1/1/15.1141
ae999.1141,GigabitEthernet1/1/16.1141
ae999.1141,GigabitEthernet1/1/17.1141
ae999.1141,GigabitEthernet1/1/18.1141
ae999.1141,GigabitEthernet1/1/3.1141
ae999.1141,GigabitEthernet1/1/8.1141
ae999.1141,GigabitEthernet1/1/9.1141
ae999.1141,GigabitEthernet2/1/0.1141
ae999.1141,GigabitEthernet2/1/18.1141
ae999.1141,GigabitEthernet2/1/7.1141
ae999.1421,GigabitEthernet1/1/1.1421
ae999.1421,GigabitEthernet1/1/16.1421
ae999.2401,GigabitEthernet1/1/1.2401
ae999.2401,GigabitEthernet1/1/11.2401
ae999.2401,GigabitEthernet1/1/13.2401
ae999.2401,GigabitEthernet1/1/14.2401
ae999.2401,GigabitEthernet1/1/15.2401
ae999.2401,GigabitEthernet1/1/16.2401
ae999.2401,GigabitEthernet1/1/17.2401
ae999.2401,GigabitEthernet1/1/18.2401
ae999.2401,GigabitEthernet1/1/20.2401
ae999.2401,GigabitEthernet1/1/23.2401
ae999.2401,GigabitEthernet1/1/3.2401
ae999.2401,GigabitEthernet1/1/8.2401
ae999.2401,GigabitEthernet1/1/9.2401
ae999.2401,GigabitEthernet2/1/0.2401
ae999.2401,GigabitEthernet2/1/1.2401
ae999.2401,GigabitEthernet2/1/18.2401
ae999.2401,GigabitEthernet2/1/4.2401
ae999.2401,GigabitEthernet2/1/7.2401
ae999.2501,GigabitEthernet1/1/1.2501
ae999.2501,GigabitEthernet1/1/11.2501
ae999.2501,GigabitEthernet1/1/13.2501
ae999.2501,GigabitEthernet1/1/14.2501
ae999.2501,GigabitEthernet1/1/16.2501
ae999.2501,GigabitEthernet1/1/18.2501
ae999.2501,GigabitEthernet1/1/3.2501
ae999.2501,GigabitEthernet1/1/8.2501
ae999.2501,GigabitEthernet1/1/9.2501
ae999.2501,GigabitEthernet2/1/18.2501
ae999.2501,GigabitEthernet2/1/7.2501
ae999.2752,GigabitEthernet1/1/1.2752
ae999.2752,GigabitEthernet1/1/11.2752
ae999.2752,GigabitEthernet1/1/13.2752
ae999.2752,GigabitEthernet1/1/14.2752
ae999.2752,GigabitEthernet1/1/15.2752
ae999.2752,GigabitEthernet1/1/16.2752
ae999.2752,GigabitEthernet1/1/17.2752
ae999.2752,GigabitEthernet1/1/18.2752
ae999.2752,GigabitEthernet1/1/3.2752
ae999.2752,GigabitEthernet1/1/8.2752
ae999.2752,GigabitEthernet1/1/9.2752
ae999.2752,GigabitEthernet2/1/18.2752
ae999.2752,GigabitEthernet2/1/7.2752
ae999.1400,GigabitEthernet1/1/11.1400
ae999.1400,GigabitEthernet1/1/17.1400
ae999.1400,GigabitEthernet1/1/8.1400
ae999.2531,GigabitEthernet1/1/11.2531
ae999.2531,GigabitEthernet1/1/14.2531
ae999.2531,GigabitEthernet1/1/17.2531
ae999.2531,GigabitEthernet1/1/3.2531
ae999.2531,GigabitEthernet1/1/9.2531
ae999.2531,GigabitEthernet2/1/0.2531
ae999.2531,GigabitEthernet2/1/18.2531
ae999.2702,GigabitEthernet1/1/11.2702
ae999.2702,GigabitEthernet1/1/17.2702
ae999.2702,GigabitEthernet1/1/18.2702
ae999.2702,GigabitEthernet1/1/3.2702
ae999.2702,GigabitEthernet1/1/8.2702
ae999.2702,GigabitEthernet1/1/9.2702
ae999.2702,GigabitEthernet2/1/0.2702
ae999.2702,GigabitEthernet2/1/18.2702
ae999.2702,GigabitEthernet2/1/7.2702
ae999.2727,GigabitEthernet1/1/11.2727
ae999.2727,GigabitEthernet1/1/17.2727
ae999.2727,GigabitEthernet1/1/18.2727
ae999.2727,GigabitEthernet1/1/3.2727
ae999.2727,GigabitEthernet1/1/8.2727
ae999.2727,GigabitEthernet1/1/9.2727
ae999.2727,GigabitEthernet2/1/0.2727
ae999.2727,GigabitEthernet2/1/18.2727
ae999.2727,GigabitEthernet2/1/7.2727
ae999.2776,GigabitEthernet1/1/11.2776
ae999.2776,GigabitEthernet1/1/15.2776
ae999.2776,GigabitEthernet1/1/18.2776
ae999.2776,GigabitEthernet1/1/3.2776
ae999.2776,GigabitEthernet1/1/8.2776
ae999.2776,GigabitEthernet2/1/7.2776
ae999.2852,GigabitEthernet1/1/11.2852
ae999.2852,GigabitEthernet1/1/13.2852
ae999.2852,GigabitEthernet1/1/14.2852
ae999.2852,GigabitEthernet1/1/15.2852
ae999.2852,GigabitEthernet1/1/16.2852
ae999.2852,GigabitEthernet1/1/17.2852
ae999.2852,GigabitEthernet1/1/18.2852
ae999.2852,GigabitEthernet1/1/3.2852
ae999.2852,GigabitEthernet1/1/8.2852
ae999.2852,GigabitEthernet1/1/9.2852
ae999.2852,GigabitEthernet2/1/18.2852
ae999.2852,GigabitEthernet2/1/7.2852
ae999.2876,GigabitEthernet1/1/11.2876
ae999.2876,GigabitEthernet1/1/15.2876
ae999.2876,GigabitEthernet1/1/18.2876
ae999.2876,GigabitEthernet1/1/3.2876
ae999.2876,GigabitEthernet1/1/8.2876
ae999.2876,GigabitEthernet2/1/7.2876
ae999.2961,GigabitEthernet1/1/11.2961
ae999.2961,GigabitEthernet1/1/14.2961
ae999.2961,GigabitEthernet1/1/18.2961
ae999.2961,GigabitEthernet1/1/8.2961
ae999.2961,GigabitEthernet2/1/0.2961
ae999.2961,GigabitEthernet2/1/18.2961
ae999.3996,GigabitEthernet1/1/11.3996
ae999.3996,GigabitEthernet1/1/13.3996
ae999.3996,GigabitEthernet1/1/14.3996
ae999.3996,GigabitEthernet1/1/15.3996
ae999.3996,GigabitEthernet1/1/16.3996
ae999.3996,GigabitEthernet1/1/17.3996
ae999.3996,GigabitEthernet1/1/18.3996
ae999.3996,GigabitEthernet1/1/3.3996
ae999.3996,GigabitEthernet1/1/8.3996
ae999.3996,GigabitEthernet1/1/9.3996
ae999.3996,GigabitEthernet2/1/0.3996
ae999.3996,GigabitEthernet2/1/18.3996
ae999.3996,GigabitEthernet2/1/7.3996
ae999.2522,GigabitEthernet1/1/13.2522
ae999.2522,GigabitEthernet1/1/14.2522
ae999.2522,GigabitEthernet1/1/16.2522
ae999.2522,GigabitEthernet1/1/18.2522
ae999.2522,GigabitEthernet1/1/3.2522
ae999.2522,GigabitEthernet1/1/8.2522
ae999.2522,GigabitEthernet1/1/9.2522
ae999.2522,GigabitEthernet2/1/0.2522
ae999.2522,GigabitEthernet2/1/18.2522
ae999.2555,GigabitEthernet1/1/13.2555
ae999.2555,GigabitEthernet1/1/18.2555
ae999.2555,GigabitEthernet2/1/18.2555
ae999.2719,GigabitEthernet1/1/13.2719
ae999.2719,GigabitEthernet1/1/14.2719
ae999.2719,GigabitEthernet1/1/18.2719
ae999.2719,GigabitEthernet2/1/0.2719
ae999.2719,GigabitEthernet2/1/18.2719
ae999.2744,GigabitEthernet1/1/13.2744
ae999.2744,GigabitEthernet1/1/14.2744
ae999.2744,GigabitEthernet1/1/18.2744
ae999.2744,GigabitEthernet2/1/0.2744
ae999.2744,GigabitEthernet2/1/18.2744
ae999.3021,GigabitEthernet1/1/13.3021
ae999.3021,GigabitEthernet1/1/14.3021
ae999.3021,GigabitEthernet1/1/15.3021
ae999.3021,GigabitEthernet1/1/17.3021
ae999.3021,GigabitEthernet1/1/18.3021
ae999.3021,GigabitEthernet1/1/3.3021
ae999.3021,GigabitEthernet1/1/8.3021
ae999.3021,GigabitEthernet1/1/9.3021
ae999.3021,GigabitEthernet2/1/0.3021
ae999.3021,GigabitEthernet2/1/18.3021
ae999.3021,GigabitEthernet2/1/7.3021
ae999.3022,GigabitEthernet1/1/13.3022
ae999.3022,GigabitEthernet1/1/14.3022
ae999.3022,GigabitEthernet1/1/15.3022
ae999.3022,GigabitEthernet1/1/17.3022
ae999.3022,GigabitEthernet1/1/18.3022
ae999.3022,GigabitEthernet1/1/3.3022
ae999.3022,GigabitEthernet1/1/8.3022
ae999.3022,GigabitEthernet1/1/9.3022
ae999.3022,GigabitEthernet2/1/0.3022
ae999.3022,GigabitEthernet2/1/18.3022
ae999.3022,GigabitEthernet2/1/7.3022
ae999.3023,GigabitEthernet1/1/13.3023
ae999.3023,GigabitEthernet1/1/14.3023
ae999.3023,GigabitEthernet1/1/15.3023
ae999.3023,GigabitEthernet1/1/16.3023
ae999.3023,GigabitEthernet1/1/17.3023
ae999.3023,GigabitEthernet1/1/18.3023
ae999.3023,GigabitEthernet1/1/3.3023
ae999.3023,GigabitEthernet1/1/8.3023
ae999.3023,GigabitEthernet1/1/9.3023
ae999.3023,GigabitEthernet2/1/0.3023
ae999.3023,GigabitEthernet2/1/18.3023
ae999.3023,GigabitEthernet2/1/7.3023
ae999.3024,GigabitEthernet1/1/13.3024
ae999.3024,GigabitEthernet1/1/14.3024
ae999.3024,GigabitEthernet1/1/15.3024
ae999.3024,GigabitEthernet1/1/17.3024
ae999.3024,GigabitEthernet1/1/18.3024
ae999.3024,GigabitEthernet1/1/3.3024
ae999.3024,GigabitEthernet1/1/8.3024
ae999.3024,GigabitEthernet1/1/9.3024
ae999.3024,GigabitEthernet2/1/0.3024
ae999.3024,GigabitEthernet2/1/18.3024
ae999.3024,GigabitEthernet2/1/7.3024
ae999.3025,GigabitEthernet1/1/13.3025
ae999.3025,GigabitEthernet1/1/14.3025
ae999.3025,GigabitEthernet1/1/15.3025
ae999.3025,GigabitEthernet1/1/17.3025
ae999.3025,GigabitEthernet1/1/18.3025
ae999.3025,GigabitEthernet1/1/3.3025
ae999.3025,GigabitEthernet1/1/8.3025
ae999.3025,GigabitEthernet1/1/9.3025
ae999.3025,GigabitEthernet2/1/0.3025
ae999.3025,GigabitEthernet2/1/18.3025
ae999.3025,GigabitEthernet2/1/7.3025
ae999.3051,GigabitEthernet1/1/13.3051
ae999.3051,GigabitEthernet1/1/14.3051
ae999.3051,GigabitEthernet1/1/15.3051
ae999.3051,GigabitEthernet1/1/17.3051
ae999.3051,GigabitEthernet1/1/18.3051
ae999.3051,GigabitEthernet1/1/3.3051
ae999.3051,GigabitEthernet1/1/8.3051
ae999.3051,GigabitEthernet1/1/9.3051
ae999.3051,GigabitEthernet2/1/0.3051
ae999.3051,GigabitEthernet2/1/18.3051
ae999.3051,GigabitEthernet2/1/7.3051
ae999.3052,GigabitEthernet1/1/13.3052
ae999.3052,GigabitEthernet1/1/14.3052
ae999.3052,GigabitEthernet1/1/15.3052
ae999.3052,GigabitEthernet1/1/17.3052
ae999.3052,GigabitEthernet1/1/18.3052
ae999.3052,GigabitEthernet1/1/3.3052
ae999.3052,GigabitEthernet1/1/8.3052
ae999.3052,GigabitEthernet1/1/9.3052
ae999.3052,GigabitEthernet2/1/0.3052
ae999.3052,GigabitEthernet2/1/18.3052
ae999.3052,GigabitEthernet2/1/7.3052
ae999.3053,GigabitEthernet1/1/13.3053
ae999.3053,GigabitEthernet1/1/14.3053
ae999.3053,GigabitEthernet1/1/15.3053
ae999.3053,GigabitEthernet1/1/16.3053
ae999.3053,GigabitEthernet1/1/17.3053
ae999.3053,GigabitEthernet1/1/18.3053
ae999.3053,GigabitEthernet1/1/3.3053
ae999.3053,GigabitEthernet1/1/8.3053
ae999.3053,GigabitEthernet1/1/9.3053
ae999.3053,GigabitEthernet2/1/0.3053
ae999.3053,GigabitEthernet2/1/18.3053
ae999.3053,GigabitEthernet2/1/7.3053
ae999.3054,GigabitEthernet1/1/13.3054
ae999.3054,GigabitEthernet1/1/14.3054
ae999.3054,GigabitEthernet1/1/15.3054
ae999.3054,GigabitEthernet1/1/17.3054
ae999.3054,GigabitEthernet1/1/18.3054
ae999.3054,GigabitEthernet1/1/3.3054
ae999.3054,GigabitEthernet1/1/8.3054
ae999.3054,GigabitEthernet1/1/9.3054
ae999.3054,GigabitEthernet2/1/0.3054
ae999.3054,GigabitEthernet2/1/18.3054
ae999.3054,GigabitEthernet2/1/7.3054
ae999.3055,GigabitEthernet1/1/13.3055
ae999.3055,GigabitEthernet1/1/14.3055
ae999.3055,GigabitEthernet1/1/15.3055
ae999.3055,GigabitEthernet1/1/17.3055
ae999.3055,GigabitEthernet1/1/18.3055
ae999.3055,GigabitEthernet1/1/3.3055
ae999.3055,GigabitEthernet1/1/8.3055
ae999.3055,GigabitEthernet1/1/9.3055
ae999.3055,GigabitEthernet2/1/0.3055
ae999.3055,GigabitEthernet2/1/18.3055
ae999.3055,GigabitEthernet2/1/7.3055
ae999.3101,GigabitEthernet1/1/13.3101
ae999.3101,GigabitEthernet1/1/14.3101
ae999.3101,GigabitEthernet1/1/15.3101
ae999.3101,GigabitEthernet1/1/17.3101
ae999.3101,GigabitEthernet1/1/18.3101
ae999.3101,GigabitEthernet1/1/3.3101
ae999.3101,GigabitEthernet1/1/8.3101
ae999.3101,GigabitEthernet1/1/9.3101
ae999.3101,GigabitEthernet2/1/0.3101
ae999.3101,GigabitEthernet2/1/18.3101
ae999.3101,GigabitEthernet2/1/7.3101
ae999.3102,GigabitEthernet1/1/13.3102
ae999.3102,GigabitEthernet1/1/14.3102
ae999.3102,GigabitEthernet1/1/15.3102
ae999.3102,GigabitEthernet1/1/17.3102
ae999.3102,GigabitEthernet1/1/18.3102
ae999.3102,GigabitEthernet1/1/3.3102
ae999.3102,GigabitEthernet1/1/8.3102
ae999.3102,GigabitEthernet1/1/9.3102
ae999.3102,GigabitEthernet2/1/0.3102
ae999.3102,GigabitEthernet2/1/18.3102
ae999.3102,GigabitEthernet2/1/7.3102
ae999.3103,GigabitEthernet1/1/13.3103
ae999.3103,GigabitEthernet1/1/14.3103
ae999.3103,GigabitEthernet1/1/15.3103
ae999.3103,GigabitEthernet1/1/17.3103
ae999.3103,GigabitEthernet1/1/18.3103
ae999.3103,GigabitEthernet1/1/3.3103
ae999.3103,GigabitEthernet1/1/8.3103
ae999.3103,GigabitEthernet1/1/9.3103
ae999.3103,GigabitEthernet2/1/0.3103
ae999.3103,GigabitEthernet2/1/18.3103
ae999.3103,GigabitEthernet2/1/7.3103
ae999.3104,GigabitEthernet1/1/13.3104
ae999.3104,GigabitEthernet1/1/14.3104
ae999.3104,GigabitEthernet1/1/15.3104
ae999.3104,GigabitEthernet1/1/17.3104
ae999.3104,GigabitEthernet1/1/18.3104
ae999.3104,GigabitEthernet1/1/3.3104
ae999.3104,GigabitEthernet1/1/8.3104
ae999.3104,GigabitEthernet1/1/9.3104
ae999.3104,GigabitEthernet2/1/0.3104
ae999.3104,GigabitEthernet2/1/18.3104
ae999.3104,GigabitEthernet2/1/7.3104
ae999.3105,GigabitEthernet1/1/13.3105
ae999.3105,GigabitEthernet1/1/14.3105
ae999.3105,GigabitEthernet1/1/15.3105
ae999.3105,GigabitEthernet1/1/17.3105
ae999.3105,GigabitEthernet1/1/18.3105
ae999.3105,GigabitEthernet1/1/3.3105
ae999.3105,GigabitEthernet1/1/8.3105
ae999.3105,GigabitEthernet1/1/9.3105
ae999.3105,GigabitEthernet2/1/0.3105
ae999.3105,GigabitEthernet2/1/18.3105
ae999.3105,GigabitEthernet2/1/7.3105
ae999.3994,GigabitEthernet1/1/13.3994
ae999.3994,GigabitEthernet1/1/14.3994
ae999.3994,GigabitEthernet1/1/16.3994
ae999.3994,GigabitEthernet1/1/17.3994
ae999.3994,GigabitEthernet1/1/18.3994
ae999.3994,GigabitEthernet1/1/3.3994
ae999.3994,GigabitEthernet2/1/0.3994
ae999.3994,GigabitEthernet2/1/18.3994
ae999.3999,GigabitEthernet1/1/13.3999
ae999.3999,GigabitEthernet1/1/14.3999
ae999.3999,GigabitEthernet1/1/15.3999
ae999.3999,GigabitEthernet1/1/16.3999
ae999.3999,GigabitEthernet1/1/17.3999
ae999.3999,GigabitEthernet1/1/18.3999
ae999.3999,GigabitEthernet1/1/3.3999
ae999.3999,GigabitEthernet1/1/8.3999
ae999.3999,GigabitEthernet2/1/18.3999
ae999.3999,GigabitEthernet2/1/7.3999
ae999.1406,GigabitEthernet1/1/14.1406
ae999.3621,GigabitEthernet1/1/14.3621
ae999.3621,GigabitEthernet1/1/16.3621
ae999.3621,GigabitEthernet1/1/8.3621
ae999.3621,GigabitEthernet1/1/9.3621
ae999.3621,GigabitEthernet2/1/0.3621
ae999.60,GigabitEthernet1/1/16.60
ae999.1401,GigabitEthernet1/1/16.1401
ae999.1401,GigabitEthernet2/1/18.1401
ae999.1404,GigabitEthernet1/1/16.1404
ae999.1404,GigabitEthernet1/1/3.1404
ae999.1427,GigabitEthernet1/1/16.1427
ae999.1601,GigabitEthernet1/1/16.1601
ae999.1658,GigabitEthernet1/1/16.1658
ae999.2920,GigabitEthernet1/1/16.2920
ae999.2921,GigabitEthernet1/1/16.2921
ae999.124,GigabitEthernet1/1/17.124
ae999.600,GigabitEthernet1/1/17.600
ae999.1402,GigabitEthernet1/1/17.1402
ae999.1402,GigabitEthernet2/1/0.1402
ae999.2312,GigabitEthernet1/1/17.2312
ae999.2312,GigabitEthernet2/1/18.2312
ae999.2312,GigabitEthernet2/1/7.2312
ae999.2362,GigabitEthernet1/1/17.2362
ae999.2362,GigabitEthernet2/1/18.2362
ae999.2362,GigabitEthernet2/1/7.2362
ae999.3681,GigabitEthernet1/1/17.3681
ae999.3681,GigabitEthernet1/1/18.3681
ae999.3681,GigabitEthernet1/1/8.3681
ae999.1302,GigabitEthernet1/1/3.1302
ae999.1419,GigabitEthernet1/1/3.1419
ae999.1426,GigabitEthernet1/1/3.1426
ae999.1617,GigabitEthernet1/1/3.1617
ae999.1500,GigabitEthernet1/1/8.1500
ae999.1607,GigabitEthernet1/1/8.1607
ae999.2829,GigabitEthernet1/1/8.2829
ae999.3721,GigabitEthernet1/1/8.3721
ae999.1499,GigabitEthernet1/1/9.1499
ae999.1600,GigabitEthernet1/1/9.1600
ae999.1609,GigabitEthernet1/1/9.1609
ae999.596,GigabitEthernet2/1/0.596
lo0.0,LoopBack.0
lo0.2401,LoopBack.2401
lo0.2522,LoopBack.2522
lo0.2147483647,LoopBack.2147483647
irb.60,Vlanif.60
irb.2501,Vlanif.2501
irb.2531,Vlanif.2531
irb.2702,Vlanif.2702
irb.2719,Vlanif.2719
irb.2727,Vlanif.2727
irb.2744,Vlanif.2744
irb.3001,Vlanif.3001
irb.3002,Vlanif.3002
irb.3003,Vlanif.3003
irb.3004,Vlanif.3004
irb.3005,Vlanif.3005
irb.3021,Vlanif.3021
irb.3022,Vlanif.3022
irb.3023,Vlanif.3023
irb.3024,Vlanif.3024
irb.3025,Vlanif.3025
irb.3026,Vlanif.3026
irb.3027,Vlanif.3027
irb.3028,Vlanif.3028
irb.3029,Vlanif.3029
irb.3030,Vlanif.3030
irb.3051,Vlanif.3051
irb.3052,Vlanif.3052
irb.3053,Vlanif.3053
irb.3054,Vlanif.3054
irb.3055,Vlanif.3055
irb.3056,Vlanif.3056
irb.3057,Vlanif.3057
irb.3058,Vlanif.3058
irb.3059,Vlanif.3059
irb.3060,Vlanif.3060
irb.3101,Vlanif.3101
irb.3102,Vlanif.3102
irb.3103,Vlanif.3103
irb.3104,Vlanif.3104
irb.3105,Vlanif.3105
irb.3106,Vlanif.3106
irb.3107,Vlanif.3107
irb.3108,Vlanif.3108
irb.3109,Vlanif.3109
irb.3110,Vlanif.3110
